店舗名,電話番号,メールアドレス,都道府県,市区町村,番地,建物名,URL,SSL
全席個室居酒屋 肉汁餃子と焼鳥と手羽先 語り屋 名古屋駅前店,050-5488-7915,,愛知県,名古屋市中村区椿町,14-6,TRUNK椿町3F,https://nc7g200.gorp.jp/,True
【個室完備】名古屋熱狂酒房 ごくらく邸 名駅３丁目店,050-5486-6341,,愛知県,名古屋市中村区名駅,3-18-9,MIZUNOビル2F,https://nccc900.gorp.jp/,True
【個室】炊き肉×九州料理 居酒屋 しじみ倶楽部 名駅店,050-5485-4585,,愛知県,名古屋市中村区椿町,22-5,,https://ncch600.gorp.jp/,True
個室×鮮魚×地鶏 海乃鶏,050-5484-7872,,愛知県,名古屋市西区名駅,3-11-2,2F,https://nc9y200.gorp.jp/,True
全席個室 鮨と酒日和 ととうお名駅4丁目店,050-2018-0148,,愛知県,名古屋市中村区名駅,4-5-18,コスモス名駅westビル3F,https://nccs300.gorp.jp/,True
全席完全個室 海鮮居酒屋 大漁（たいりょう） 名駅店,050-5488-5575,,愛知県,名古屋市中村区名駅,4-11-1,コレクトマーク名駅4丁目ビル2F,https://n169644.gorp.jp/,True
地鶏と沖縄琉球しゃぶしゃぶ 個室居酒屋 くろ凪 名古屋駅前店,050-5488-2796,,愛知県,名古屋市中村区椿町,5-5,名古屋サミットホテルB1,https://ncc5400.gorp.jp/,True
全席個室 じぶんどき 名駅広小路通店,050-2018-8989,,愛知県,名古屋市中村区名駅,4-26-12,DK名駅笹島ビル6F,https://nc55600.gorp.jp/,True
完全個室 居酒屋 天串 名駅三丁目店,050-5489-0776,,愛知県,名古屋市中村区名駅,3-26-6,Third KH BLDG 8F,https://n169676.gorp.jp/,True
福キタル。 名駅四丁目店,050-5485-3386,,愛知県,名古屋市中村区名駅,4-18-15,,https://ncch200.gorp.jp/,True
完全個室多数 名古屋地鶏 金鯱酒場 名駅西口店,050-5488-2170,,愛知県,名古屋市中村区椿町,15-2,ミタニビル3F,https://n169642.gorp.jp/,True
完全個室 海鮮寿司酒場 銀しゃり 名駅西口店,050-5494-5287,,愛知県,名古屋市中村区椿町,15-2,名古屋ミタニビル2F,https://n169656.gorp.jp/,True
牛タン／海鮮／個室／居酒屋 東北商店 名駅店,050-5486-1501,,愛知県,名古屋市中村区名駅,4-5-15,コスモス名駅 eastビル5F,https://n244912.gorp.jp/,True
完全個室 天ぷら 海鮮 天海 名駅西口店,050-5485-3788,,愛知県,名古屋市中村区椿町,15-27,名駅太閤通口ビル B1,https://n169626.gorp.jp/,True
個室居酒屋×海鮮炉端焼き 喰海（くうかい） 名駅店,050-5487-4490,,愛知県,名古屋市中村区名駅,3-14-6,コレクトマーク2F,https://kukai-meieki.gorp.jp/,True
全席完全個室 大名古屋酒場坊主 名古屋駅前店,050-5486-2350,,愛知県,名古屋市中村区名駅,4-5-15,コスモス名駅eastビル 2F,https://n169628.gorp.jp/,True
名古屋コーチン×個室居酒屋 地鶏坊主 本店,050-5485-1008,,愛知県,名古屋市中村区名駅,3-15-11,M三ダイニングビルB1,https://n244908.gorp.jp/,True
個室居酒屋×メガ盛り宴会 名古屋きんしゃち 名古屋駅前店,080-2115-1922,,愛知県,名古屋市中村区椿町,10-5,サンタウン名駅椿本館7F,https://nc97300.gorp.jp/,True
個室居酒屋×鉄板料理×ビアガーデン 鉄神 名駅本店,050-5484-7195,,愛知県,名古屋市中村区名駅,3-8-13,ファーストKHビル3F,https://n244918.gorp.jp/,True
完全個室 九州料理と海鮮 博多丸 名古屋駅店,050-5486-5949,,愛知県,名古屋市中村区名駅,3-26-6,Third KHビル,https://n169675.gorp.jp/,True
【完全個室】食べ飲み放題 焼鳥 寿司 なごや劇場 名古屋駅前店,050-5485-0492,,愛知県,名古屋市中村区名駅,3-14-6,コレクトマーク名駅3丁目,,False
全席個室 湊一や 名古屋太閤通口店,050-2018-8970,,愛知県,名古屋市中村区椿町,15-8,DK名駅西口ビル3F,,False
全席個室 鮮や一夜 名駅３丁目店,050-2018-8972,,愛知県,名古屋市中村区名駅,3-16-16,DK名古屋駅前ビル,,False
個室居酒屋 中華酒場 月華（GEKKA） 名駅店,050-5484-0864,,愛知県,名古屋市中村区名駅,4-11-1,コレクトマーク名駅4丁目ビル3F,https://n169657.gorp.jp/,True
餃子のかっちゃん 名古屋駅南口2号店,050-5484-5636,,愛知県,名古屋市中村区名駅南,1-17-2,2～4F,https://ncc0000.gorp.jp/,True
全席個室 楽蔵うたげ 名駅４丁目店,050-2018-8973,,愛知県,名古屋市中村区名駅,4-5-18,コスモス名駅westビル 2F,,False
肉ト魚 個室大衆酒場 ひとめぼれ 名駅東口本店,050-5493-3203,,愛知県,名古屋市中村区名駅南,1-16-17,松岡ビル1F,https://ncb0100.gorp.jp/,True
個室居酒屋 焼き鳥と名古屋めし 手羽八 名古屋駅前店,050-5493-2429,,愛知県,名古屋市中村区名駅,3-15-15,,https://n169670.gorp.jp/,True
全席個室　居酒屋×時間無制限食べ飲み放題 権兵衛　名駅店,050-5488-5491,,愛知県,名古屋市中村区名駅,4-26-12,DK名駅笹島ビル2F,https://nc7b300.gorp.jp/,True
全席個室 じぶんどき名古屋太閤通口店,050-2018-8969,,愛知県,名古屋市中村区椿町,15-2,名古屋ミタニビル6F,,False
柳橋市場の藁焼きの店 魚柳 名古屋駅店,050-5488-8044,,愛知県,名古屋市中村区名駅,4-15-15,,https://n106405.gorp.jp/,True
鉄板居酒屋 完全個室 天頂,050-5488-3299,,愛知県,名古屋市中村区則武,1-14-25,名駅OTビル,https://nbtz200.gorp.jp/,True
名古屋大酒場 かぶらや 総本家,050-5484-8904,,愛知県,名古屋市中村区椿町,15-8,チトセGLビルB2～1F,,False
名古屋コーチン 完全個室 吟 名古屋駅前店,050-5494-4518,,愛知県,名古屋市中村区椿町,10-5,サンタウン名駅椿本館5F,https://nbje975.gorp.jp/,True
全席個室×和食　別邸杜の倉 名駅4丁目,050-5486-3644,,愛知県,名古屋市中村区名駅,4-4-34,タクトビル4F,https://n233505.gorp.jp/,True
全席完全個室ダイニング PREMIUM鉄神 名古屋駅店,050-5488-9330,,愛知県,名古屋市中村区椿町,5-10,CORE MEIEKI2F,https://n244929.gorp.jp/,True
牡蠣ときどきサカナ メリケンサカナ 名駅店,050-5485-2712,,愛知県,名古屋市中村区名駅,4-11−27,シンフォニー豊田ビルB1,https://n875614.gorp.jp/,True
個室 野菜巻食べ放題 串と飯にはサケキタル。 名古屋西口駅前店,050-5494-5669,,愛知県,名古屋市中村区椿町,11-1,1F,https://ncbz400.gorp.jp/,True
個室ビストロ名古屋グリルハウス,050-5810-9582,,愛知県,名古屋市中村区椿町,10-21,サン・名駅椿10F,https://ncaw000.gorp.jp/,True
名物厚切り牛タンとレアカツ 個室居酒屋 肉の名古屋邸,050-5494-3300,,愛知県,名古屋市中村区椿町,6-3,太陽ビル3F,https://nc9w000.gorp.jp/,True
全席個室 楽蔵うたげ 名古屋太閤通口店,050-2018-8967,,愛知県,名古屋市中村区椿町,15-2,名古屋ミタニビル4F,,False
名古屋駅 個室と炉端 居酒屋 旬囲い 名駅駅前店,050-5487-5288,,愛知県,名古屋市中村区名駅,3-22-8,大東海ビルB1,https://nc6j800.gorp.jp/,True
【完全個室】EDOMAE東京 名古屋駅前店,050-5484-9635,,愛知県,名古屋市中村区名駅,3-22-8,大東海ビルB1,https://nc59400.gorp.jp/,True
炭火居酒屋 名駅 串右衛門,050-5485-0238,,愛知県,名古屋市中村区椿町,13-23,メッツ名古屋ビル3F,https://nc9t800.gorp.jp/,True
【6月11日OPEN】全席個室 めしや 梵 －SOYOGI－ 名古屋本店,052-433-9990,,愛知県,名古屋市中村区名駅,4-13-13,名駅FGビル5F,https://nccj800.gorp.jp/,True
ひねり蛇口ハイ 大衆酒泉テルマエ 名古屋駅前泉,050-5487-8973,,愛知県,名古屋市中村区名駅,2-36-8,知多屋名塩ビル6F,https://nbs7700.gorp.jp/,True
鳥料理専門店 名古屋コーチンと焼き鳥 鳥心 名駅本店,050-5484-8115,,愛知県,名古屋市中村区名駅,3-26-8,KDX名古屋駅前ビル B1,https://n989723.gorp.jp/,True
名古屋名物と海鮮 個室居酒屋 和菜美 名古屋駅店,050-5486-8795,,愛知県,名古屋市中村区名駅,3-19-27,,https://e295836.gorp.jp/,True
炉端とおでん 呼炉凪来（ころなぎらい）名古屋駅前店,050-5492-9253,,愛知県,名古屋市中村区名駅,3-14-6,COLLECT MARK 名駅3丁目6F,https://nca4200.gorp.jp/,True
食べ放題 飲み放題 個室肉バル 29○TOKYO 名駅店,050-5485-3812,,愛知県,名古屋市中村区名駅,2-36-8,知多屋名塩ビル4F,https://n989715.gorp.jp/,True
