店舗名,電話番号,メールアドレス,都道府県,市区町村,番地,建物名,URL,SSL
【個室】炊き肉×九州料理 居酒屋 しじみ倶楽部 名駅店,050-5485-4585,,愛知県,名古屋市中村区椿町,22-5,,https://ncch600.gorp.jp/,True
"全席個室　居酒屋×時間無制限食べ飲み放題
権兵衛　名駅店",050-5488-5491,,愛知県,名古屋市中村区名駅,4-26-12,DK名駅笹島ビル2F,https://nc7b300.gorp.jp/,True
個室×鮮魚×地鶏 海乃鶏,050-5484-7872,,愛知県,名古屋市西区名駅,3-11-2,2F,https://nc9y200.gorp.jp/,True
黒毛和牛と牛タン専門 個室居酒屋 Kurosawa 名古屋駅店,050-5489-5595,,愛知県,名古屋市中村区名駅,3-15-8,名駅グルメプラザ5F,https://gaed332.gorp.jp/,True
"個室居酒屋×メガ盛り宴会
名古屋きんしゃち 名古屋駅前店",080-2115-1922,,愛知県,名古屋市中村区椿町,10-5,サンタウン名駅椿本館7F,https://nc97300.gorp.jp/,True
地鶏と沖縄琉球しゃぶしゃぶ 個室居酒屋 くろ凪 名古屋駅前店,050-5488-2796,,愛知県,名古屋市中村区椿町,5-5,名古屋サミットホテルB1,https://ncc5400.gorp.jp/,True
全席個室居酒屋 肉汁餃子と焼鳥と手羽先 語り屋 名古屋駅前店,050-5488-7915,,愛知県,名古屋市中村区椿町,14-6,TRUNK椿町3F,https://nc7g200.gorp.jp/,True
【個室完備】名古屋熱狂酒房 ごくらく邸 名駅３丁目店,050-5486-6341,,愛知県,名古屋市中村区名駅,3-18-9,MIZUNOビル2F,https://nccc900.gorp.jp/,True
"肉ト魚 個室大衆酒場
ひとめぼれ 名駅東口本店",050-5493-3203,,愛知県,名古屋市中村区名駅南,1-16-17,松岡ビル1F,https://ncb0100.gorp.jp/,True
【個室居酒屋】和牛 肉酒場 宴 UTAGE 名古屋駅前店,050-7118-5655,,愛知県,名古屋市中村区椿町,22-5,,https://ncch601.gorp.jp/,True
全席個室 じぶんどき名古屋太閤通口店,050-2018-8969,,愛知県,名古屋市中村区椿町,15-2,名古屋ミタニビル6F,,False
全席個室 湊一や 名古屋太閤通口店,050-2018-8970,,愛知県,名古屋市中村区椿町,15-8,DK名駅西口ビル3F,,False
全席完全個室 大名古屋酒場坊主 名古屋駅前店,050-5486-2350,,愛知県,名古屋市中村区名駅,4-5-15,コスモス名駅eastビル 2F,https://n169628.gorp.jp/,True
全席個室 楽蔵うたげ 名古屋太閤通口店,050-2018-8967,,愛知県,名古屋市中村区椿町,15-2,名古屋ミタニビル4F,,False
名古屋名物 完全個室居酒屋 飲み放題 金鯱酒場 名古屋駅西口店,050-5488-2170,,愛知県,名古屋市中村区椿町,15-2,ミタニビル3F,https://n169642.gorp.jp/,True
名物厚切り牛タンとレアカツ 個室居酒屋 肉の名古屋邸,050-5494-3300,,愛知県,名古屋市中村区椿町,6-3,太陽ビル3F,https://nc9w000.gorp.jp/,True
名古屋コーチン×個室居酒屋 地鶏坊主 本店,050-5485-1008,,愛知県,名古屋市中村区名駅,3-15-11,M三ダイニングビルB1,https://n244908.gorp.jp/,True
【完全個室】食べ飲み放題 焼鳥 寿司 なごや劇場 名古屋駅前店,050-5485-0492,,愛知県,名古屋市中村区名駅,3-14-6,コレクトマーク名駅3丁目,,False
完全個室 海鮮寿司酒場 銀しゃり 名駅西口店,050-5494-5287,,愛知県,名古屋市中村区椿町,15-2,名古屋ミタニビル2F,https://n169656.gorp.jp/,True
牛タン／海鮮／個室／居酒屋 東北商店 名駅店,050-5486-1501,,愛知県,名古屋市中村区名駅,4-5-15,コスモス名駅 eastビル5F,https://n244912.gorp.jp/,True
【完全個室】EDOMAE東京 名古屋駅前店,050-5484-9635,,愛知県,名古屋市中村区名駅,3-22-8,大東海ビルB1,https://nc59400.gorp.jp/,True
全席個室 鮨と酒日和 ととうお名駅4丁目店,050-2018-0148,,愛知県,名古屋市中村区名駅,4-5-18,コスモス名駅westビル3F,https://nccs300.gorp.jp/,True
個室居酒屋 焼き鳥と名古屋めし 手羽八 名古屋駅前店,050-5493-2429,,愛知県,名古屋市中村区名駅,3-15-15,,https://n169670.gorp.jp/,True
餃子のかっちゃん 名古屋駅南口2号店,050-5484-5636,,愛知県,名古屋市中村区名駅南,1-17-2,2～4F,https://ncc0000.gorp.jp/,True
福キタル。 名駅四丁目店,050-5485-3386,,愛知県,名古屋市中村区名駅,4-18-15,,https://ncch200.gorp.jp/,True
全席個室 鮮や一夜 名駅３丁目店,050-2018-8972,,愛知県,名古屋市中村区名駅,3-16-16,DK名古屋駅前ビル,,False
"完全個室 九州料理と海鮮
博多丸 名古屋駅店",050-5486-5949,,愛知県,名古屋市中村区名駅,3-26-6,Third KHビル,https://n169675.gorp.jp/,True
炭火居酒屋 名駅 串右衛門,050-5485-0238,,愛知県,名古屋市中村区椿町,13-23,メッツ名古屋ビル3F,https://nc9t800.gorp.jp/,True
個室居酒屋×海鮮炉端焼き 喰海（くうかい） 名駅店,050-5487-4490,,愛知県,名古屋市中村区名駅,3-14-6,コレクトマーク2F,https://kukai-meieki.gorp.jp/,True
完全個室 天ぷら 海鮮 天海 名駅西口店,050-5485-3788,,愛知県,名古屋市中村区椿町,15-27,名駅太閤通口ビル B1,https://n169626.gorp.jp/,True
完全個室居酒屋 焼き鳥と海鮮うまかもん 名古屋駅前店,070-1436-3780,,愛知県,名古屋市中村区名駅,3-22-8,大東海ビルB1,https://g725448.gorp.jp/,True
全席個室 じぶんどき 名駅広小路通店,050-2018-8989,,愛知県,名古屋市中村区名駅,4-26-12,DK名駅笹島ビル6F,https://nc55600.gorp.jp/,True
鮮魚×和牛×水炊き鍋 和食郷土料理 個室居酒屋 しま田 名古屋店,050-5494-2541,,愛知県,名古屋市中村区椿町,6-3,太陽ビル3F,https://nc9v900.gorp.jp/,True
大衆＆個室 祭酒場 名駅3丁目店,050-2018-8906,,愛知県,名古屋市中村区名駅,3-26-24,,https://nc9r200.gorp.jp/,True
鉄板居酒屋 完全個室 天頂,050-5488-3299,,愛知県,名古屋市中村区則武,1-14-25,名駅OTビル,https://nbtz200.gorp.jp/,True
個室 デザインフードマーケット 名古屋駅前店,050-5488-3751,,愛知県,名古屋市中村区名駅,2-36-8,知多屋名塩ビル2F,https://gagv615.gorp.jp/,True
個室 和食 接待 四季の蔵 右近,050-5486-0931,,愛知県,名古屋市西区那古野,1-36-19,,https://nb7d902.gorp.jp/,True
完全個室 居酒屋 天串 名駅三丁目店,050-5489-0776,,愛知県,名古屋市中村区名駅,3-26-6,Third KH BLDG 8F,https://n169676.gorp.jp/,True
全席個室 楽蔵うたげ 名駅４丁目店,050-2018-8973,,愛知県,名古屋市中村区名駅,4-5-18,コスモス名駅westビル 2F,,False
食べ放題 飲み放題 個室肉バル 29○TOKYO 名駅店,050-5485-3812,,愛知県,名古屋市中村区名駅,2-36-8,知多屋名塩ビル4F,https://n989715.gorp.jp/,True
個室居酒屋×鉄板料理×ビアガーデン 鉄神 名駅本店,050-5484-7195,,愛知県,名古屋市中村区名駅,3-8-13,ファーストKHビル3F,https://n244918.gorp.jp/,True
全席完全個室 海鮮居酒屋 大漁（たいりょう） 名駅店,050-5488-5575,,愛知県,名古屋市中村区名駅,4-11-1,コレクトマーク名駅4丁目ビル2F,https://n169644.gorp.jp/,True
個室居酒屋 中華酒場 月華（GEKKA） 名駅店,050-5484-0864,,愛知県,名古屋市中村区名駅,4-11-1,コレクトマーク名駅4丁目ビル3F,https://n169657.gorp.jp/,True
名古屋駅 個室と炉端 居酒屋 旬囲い 名駅駅前店,050-5487-5288,,愛知県,名古屋市中村区名駅,3-22-8,大東海ビルB1,https://nc6j800.gorp.jp/,True
【6月11日OPEN】全席個室 めしや 梵 －SOYOGI－ 名古屋本店,052-433-9990,,愛知県,名古屋市中村区名駅,4-13-13,名駅FGビル5F,https://nccj800.gorp.jp/,True
ひねり蛇口ハイ 大衆酒泉テルマエ 名古屋駅前泉,050-5487-8973,,愛知県,名古屋市中村区名駅,2-36-8,知多屋名塩ビル6F,https://nbs7700.gorp.jp/,True
個室居酒屋 海鮮と寿司とおでん 魚ヤロウ 名古屋西口駅前店,050-5492-8619,,愛知県,名古屋市中村区椿町,11-1,3F,https://ncbz500.gorp.jp/,True
鳥料理専門店 名古屋コーチンと焼き鳥 鳥心 名駅本店,050-5484-8115,,愛知県,名古屋市中村区名駅,3-26-8,KDX名古屋駅前ビル B1,https://n989723.gorp.jp/,True
本格串焼専門店 完全個室 鳥心 はなれ 名駅店,050-5487-1149,,愛知県,名古屋市中村区名駅,3-15-8,名駅グルメプラザ2F,https://n989730.gorp.jp/,True
本まぐろと名古屋飯 花かるた,050-5489-1721,,愛知県,名古屋市中村区椿町,16-22,2F,https://n039417.gorp.jp/,True
